{
    "source_filepath": "E:\\100GOPRO\\GH012847.MP4",
    "file_index": 2,
    "extracted_audio_filepath": "E:\\100GOPRO\\GH012847.wav",
    "metadata": {
        "duration_seconds": 174.805333,
        "creation_time_utc": "2016-01-01T00:14:33.000000Z",
        "timecode_offset": "00:14:32:27"
    },
    "transcription_whisper_result": {
        "text": "",
        "segments": [],
        "language": "ja"
    },
    "detected_scenes": [
        {
            "scene_id": 1,
            "start_timecode": "00:00:00:00",
            "end_timecode": "00:00:01:15",
            "description": "視覚障害者誘導ブロックのある階段を、一人称視点で下から見上げる様子が写された写真です。茶色の手摺り付きの階段は、視覚障害者への配慮が行き届いた構造になっています。",
            "thumbnail_path": "E:\\100GOPRO\\GH012847_captures\\scene_0001.jpg"
        },
        {
            "scene_id": 2,
            "start_timecode": "00:00:01:15",
            "end_timecode": "00:00:17:00",
            "description": "帽子をかぶった男性が、街中の高架歩道橋の階段を下りながら、リュックサックを背負って何かを手に持っている様子です。",
            "thumbnail_path": "E:\\100GOPRO\\GH012847_captures\\scene_0002.jpg"
        },
        {
            "scene_id": 3,
            "start_timecode": "00:00:17:00",
            "end_timecode": "00:00:39:01",
            "description": "バケットハットをかぶり、バックパックを背負った男性が、街中の道路脇を歩いている様子が捉えられており、周囲にはビルや歩道、街路樹などがみえる。",
            "thumbnail_path": "E:\\100GOPRO\\GH012847_captures\\scene_0003.jpg"
        },
        {
            "scene_id": 4,
            "start_timecode": "00:00:39:01",
            "end_timecode": "00:00:52:16",
            "description": "高架橋の下、街の交差点付近で、バックパックを背負った男性が、バケットハットをかぶりながら何かを話している様子が捉えられています。彼はグレーの長袖シャツを着ており、周囲にはビルや車が写っています。",
            "thumbnail_path": "E:\\100GOPRO\\GH012847_captures\\scene_0004.jpg"
        },
        {
            "scene_id": 5,
            "start_timecode": "00:00:52:16",
            "end_timecode": "00:01:00:01",
            "description": "バケットハットをかぶり、バックパックを背負った男性が、トラックが停車している都市部の歩道橋の下を歩きながら、周囲の街並みを映した自撮り動画を撮影している様子。",
            "thumbnail_path": "E:\\100GOPRO\\GH012847_captures\\scene_0005.jpg"
        },
        {
            "scene_id": 6,
            "start_timecode": "00:01:00:01",
            "end_timecode": "00:01:08:02",
            "description": "バケットハットをかぶり、バックパックを背負った男性が、都市部の高架下を歩いている様子が写された一枚です。周囲にはトラックや建物、街路樹などが確認でき、日常的な風景が捉えられています。",
            "thumbnail_path": "E:\\100GOPRO\\GH012847_captures\\scene_0006.jpg"
        },
        {
            "scene_id": 7,
            "start_timecode": "00:01:08:02",
            "end_timecode": "00:01:08:17",
            "description": "高架下を歩く男性が、自身を撮影した自撮り写真で、彼は帽子をかぶりバックパックを背負い、都会的な風景の中、穏やかな表情で歩いている様子が写っている。",
            "thumbnail_path": "E:\\100GOPRO\\GH012847_captures\\scene_0007.jpg"
        },
        {
            "scene_id": 8,
            "start_timecode": "00:01:08:17",
            "end_timecode": "00:01:10:17",
            "description": "高架下を歩く男性が、自撮り棒で自身の姿を撮影している。彼はバックパックを背負い、帽子をかぶり、街の風景を背景に、自転車に乗る人物なども写っている。",
            "thumbnail_path": "E:\\100GOPRO\\GH012847_captures\\scene_0008.jpg"
        },
        {
            "scene_id": 9,
            "start_timecode": "00:01:10:17",
            "end_timecode": "00:01:15:02",
            "description": "高層ビルが建ち並ぶ街中で、帽子とリュックサックを着用した男性が、高架下を横断歩道を渡りながら前を向いている様子が捉えられています。",
            "thumbnail_path": "E:\\100GOPRO\\GH012847_captures\\scene_0009.jpg"
        },
        {
            "scene_id": 10,
            "start_timecode": "00:01:15:02",
            "end_timecode": "00:01:19:17",
            "description": "高架道路の下、街路樹の緑がまぶしい歩道で、バックパックを背負った男性が、帽子をかぶりながら自撮りしている様子が写っています。",
            "thumbnail_path": "E:\\100GOPRO\\GH012847_captures\\scene_0010.jpg"
        },
        {
            "scene_id": 11,
            "start_timecode": "00:01:19:17",
            "end_timecode": "00:01:30:17",
            "description": "バックパックを背負った男性が、街中の地下道入口付近で自撮りしており、背景には高架道路や個性的なピンク色の建物の壁が見えます。",
            "thumbnail_path": "E:\\100GOPRO\\GH012847_captures\\scene_0011.jpg"
        },
        {
            "scene_id": 12,
            "start_timecode": "00:01:30:17",
            "end_timecode": "00:01:34:02",
            "description": "バックパックを背負った男性が、バケットハットをかぶりながら、日本の街中、高架道路やビルが立ち並ぶ歩道で歩いている様子です。",
            "thumbnail_path": "E:\\100GOPRO\\GH012847_captures\\scene_0012.jpg"
        },
        {
            "scene_id": 13,
            "start_timecode": "00:01:34:02",
            "end_timecode": "00:01:35:02",
            "description": "バックパックを背負い、ハットをかぶった男性が、日本の街中、高層ビルや高架道路が背景に見える歩道で歩いている様子が写っている。",
            "thumbnail_path": "E:\\100GOPRO\\GH012847_captures\\scene_0013.jpg"
        },
        {
            "scene_id": 14,
            "start_timecode": "00:01:35:02",
            "end_timecode": "00:01:39:17",
            "description": "都会の街路で、黒いハットをかぶりバックパックを背負った男性が、街路樹や高層ビル、そして道路を走るクールデリバリーの車両を背景に、自撮りしている様子が写っている。",
            "thumbnail_path": "E:\\100GOPRO\\GH012847_captures\\scene_0014.jpg"
        },
        {
            "scene_id": 15,
            "start_timecode": "00:01:39:17",
            "end_timecode": "00:01:41:03",
            "description": "バックパックを背負い、帽子をかぶった男性が、日本の街路を歩いている様子で、周囲にはビルや木々、歩道などが見え、日中の晴れた穏やかな時間帯であることが伺えます。",
            "thumbnail_path": "E:\\100GOPRO\\GH012847_captures\\scene_0015.jpg"
        },
        {
            "scene_id": 16,
            "start_timecode": "00:01:41:03",
            "end_timecode": "00:01:42:03",
            "description": "バケットハットをかぶり、バックパックを背負った男性が、日本の街中、高層ビルや街路樹が立ち並ぶ歩道で歩いている様子が写っています。",
            "thumbnail_path": "E:\\100GOPRO\\GH012847_captures\\scene_0016.jpg"
        },
        {
            "scene_id": 17,
            "start_timecode": "00:01:42:03",
            "end_timecode": "00:02:03:18",
            "description": "API Error: 画像分析APIエラー",
            "thumbnail_path": "E:\\100GOPRO\\GH012847_captures\\scene_0017.jpg"
        },
        {
            "scene_id": 18,
            "start_timecode": "00:02:03:18",
            "end_timecode": "00:02:13:18",
            "description": "JOYNUSと書かれた建物前に立つ、バックパックを背負った男性が、カメラに向かって笑顔で何かを話している様子が写された一枚の写真です。",
            "thumbnail_path": "E:\\100GOPRO\\GH012847_captures\\scene_0018.jpg"
        },
        {
            "scene_id": 19,
            "start_timecode": "00:02:13:18",
            "end_timecode": "00:02:27:04",
            "description": "バックパックを背負った男性が、自転車通行可の標識のある街角で、高層ビルと商店が立ち並ぶ日本の街を歩いている様子が写っている。",
            "thumbnail_path": "E:\\100GOPRO\\GH012847_captures\\scene_0019.jpg"
        },
        {
            "scene_id": 20,
            "start_timecode": "00:02:27:04",
            "end_timecode": "00:02:54:05",
            "description": "高層ビルが建ち並ぶ日本の街中で、帽子をかぶりバックパックを背負った男性が、何かを話している様子が捉えられています。",
            "thumbnail_path": "E:\\100GOPRO\\GH012847_captures\\scene_0020.jpg"
        },
        {
            "scene_id": 21,
            "start_timecode": "00:02:54:05",
            "end_timecode": "00:02:54:23",
            "description": "バリアフリー対応のタイル舗装された歩道で、建物の入口付近に人が座っており、周辺には点字ブロックやスロープが設置されている様子が写っています。",
            "thumbnail_path": "E:\\100GOPRO\\GH012847_captures\\scene_0021.jpg"
        }
    ],
    "final_segments": [
        {
            "start_timecode": "00:00:02:16",
            "end_timecode": "00:00:08:18",
            "transcription": "朝からバタバタバタバタ。準備に手こずりましたね。",
            "scene_id": 2,
            "scene_description": "帽子をかぶった男性が、街中の高架歩道橋の階段を下りながら、リュックサックを背負って何かを手に持っている様子です。"
        },
        {
            "start_timecode": "00:00:09:03",
            "end_timecode": "00:00:11:26",
            "transcription": "服装がわからないですよね。",
            "scene_id": 2,
            "scene_description": "帽子をかぶった男性が、街中の高架歩道橋の階段を下りながら、リュックサックを背負って何かを手に持っている様子です。"
        },
        {
            "start_timecode": "00:00:12:24",
            "end_timecode": "00:00:19:22",
            "transcription": "20度くらいなんでね。今日は。薄手の長袖なんか持ってきたりしてね。",
            "scene_id": 2,
            "scene_description": "帽子をかぶった男性が、街中の高架歩道橋の階段を下りながら、リュックサックを背負って何かを手に持っている様子です。"
        },
        {
            "start_timecode": "00:00:20:18",
            "end_timecode": "00:00:24:14",
            "transcription": "服装がわからないんだよね。まだ夏でもないしね。",
            "scene_id": 3,
            "scene_description": "バケットハットをかぶり、バックパックを背負った男性が、街中の道路脇を歩いている様子が捉えられており、周囲にはビルや歩道、街路樹などがみえる。"
        },
        {
            "start_timecode": "00:00:25:27",
            "end_timecode": "00:00:32:26",
            "transcription": "いつも4月の半ばの登山だと、結構軽そうで行くんですけどね。",
            "scene_id": 3,
            "scene_description": "バケットハットをかぶり、バックパックを背負った男性が、街中の道路脇を歩いている様子が捉えられており、周囲にはビルや歩道、街路樹などがみえる。"
        },
        {
            "start_timecode": "00:00:32:29",
            "end_timecode": "00:00:38:15",
            "transcription": "今のこの朝の気温、朝の気温より絶対低くはならないですけどね。",
            "scene_id": 3,
            "scene_description": "バケットハットをかぶり、バックパックを背負った男性が、街中の道路脇を歩いている様子が捉えられており、周囲にはビルや歩道、街路樹などがみえる。"
        },
        {
            "start_timecode": "00:00:39:15",
            "end_timecode": "00:00:44:28",
            "transcription": "だからね、今日この時点で寒くなければ多分問題ないと思うんですよね。",
            "scene_id": 4,
            "scene_description": "高架橋の下、街の交差点付近で、バックパックを背負った男性が、バケットハットをかぶりながら何かを話している様子が捉えられています。彼はグレーの長袖シャツを着ており、周囲にはビルや車が写っています。"
        },
        {
            "start_timecode": "00:00:47:03",
            "end_timecode": "00:00:48:27",
            "transcription": "だんだん暖かくなってきましたね。",
            "scene_id": 4,
            "scene_description": "高架橋の下、街の交差点付近で、バックパックを背負った男性が、バケットハットをかぶりながら何かを話している様子が捉えられています。彼はグレーの長袖シャツを着ており、周囲にはビルや車が写っています。"
        },
        {
            "start_timecode": "00:00:50:18",
            "end_timecode": "00:00:54:01",
            "transcription": "来週ゴールデンウィーク。来週ゴールデンウィーク。",
            "scene_id": 4,
            "scene_description": "高架橋の下、街の交差点付近で、バックパックを背負った男性が、バケットハットをかぶりながら何かを話している様子が捉えられています。彼はグレーの長袖シャツを着ており、周囲にはビルや車が写っています。"
        },
        {
            "start_timecode": "00:00:55:05",
            "end_timecode": "00:00:57:18",
            "transcription": "今日ね、一個不安なことがあってね。",
            "scene_id": 5,
            "scene_description": "バケットハットをかぶり、バックパックを背負った男性が、トラックが停車している都市部の歩道橋の下を歩きながら、周囲の街並みを映した自撮り動画を撮影している様子。"
        },
        {
            "start_timecode": "00:00:58:06",
            "end_timecode": "00:01:01:20",
            "transcription": "なんか知らない外国人の方とお一緒するんですよ。",
            "scene_id": 5,
            "scene_description": "バケットハットをかぶり、バックパックを背負った男性が、トラックが停車している都市部の歩道橋の下を歩きながら、周囲の街並みを映した自撮り動画を撮影している様子。"
        },
        {
            "start_timecode": "00:01:02:01",
            "end_timecode": "00:01:05:09",
            "transcription": "一人だけ前に知ってる方がいるんですけど。",
            "scene_id": 6,
            "scene_description": "バケットハットをかぶり、バックパックを背負った男性が、都市部の高架下を歩いている様子が写された一枚です。周囲にはトラックや建物、街路樹などが確認でき、日常的な風景が捉えられています。"
        },
        {
            "start_timecode": "00:01:06:01",
            "end_timecode": "00:01:08:22",
            "transcription": "なんでしてね、私、英語力がね。",
            "scene_id": 6,
            "scene_description": "バケットハットをかぶり、バックパックを背負った男性が、都市部の高架下を歩いている様子が写された一枚です。周囲にはトラックや建物、街路樹などが確認でき、日常的な風景が捉えられています。"
        },
        {
            "start_timecode": "00:01:09:11",
            "end_timecode": "00:01:12:07",
            "transcription": "まだまだ、スピーキングがダメなんで。",
            "scene_id": 9,
            "scene_description": "高層ビルが建ち並ぶ街中で、帽子とリュックサックを着用した男性が、高架下を横断歩道を渡りながら前を向いている様子が捉えられています。"
        },
        {
            "start_timecode": "00:01:12:26",
            "end_timecode": "00:01:14:12",
            "transcription": "今日もね、多分ね。",
            "scene_id": 9,
            "scene_description": "高層ビルが建ち並ぶ街中で、帽子とリュックサックを着用した男性が、高架下を横断歩道を渡りながら前を向いている様子が捉えられています。"
        },
        {
            "start_timecode": "00:01:15:02",
            "end_timecode": "00:01:16:25",
            "transcription": "今は話せないと思うんですけどね。",
            "scene_id": 10,
            "scene_description": "高架道路の下、街路樹の緑がまぶしい歩道で、バックパックを背負った男性が、帽子をかぶりながら自撮りしている様子が写っています。"
        },
        {
            "start_timecode": "00:01:17:19",
            "end_timecode": "00:01:19:29",
            "transcription": "やっぱりね、ここはね、逃げてばかるけどね。",
            "scene_id": 10,
            "scene_description": "高架道路の下、街路樹の緑がまぶしい歩道で、バックパックを背負った男性が、帽子をかぶりながら自撮りしている様子が写っています。"
        },
        {
            "start_timecode": "00:01:20:11",
            "end_timecode": "00:01:22:25",
            "transcription": "いつもらえたってね、これはしませんからね。",
            "scene_id": 11,
            "scene_description": "バックパックを背負った男性が、街中の地下道入口付近で自撮りしており、背景には高架道路や個性的なピンク色の建物の壁が見えます。"
        },
        {
            "start_timecode": "00:01:23:10",
            "end_timecode": "00:01:27:22",
            "transcription": "なんとか、こうやって奮いかかせてね。",
            "scene_id": 11,
            "scene_description": "バックパックを背負った男性が、街中の地下道入口付近で自撮りしており、背景には高架道路や個性的なピンク色の建物の壁が見えます。"
        },
        {
            "start_timecode": "00:01:28:05",
            "end_timecode": "00:01:29:29",
            "transcription": "自分を奮いかかせてね。",
            "scene_id": 11,
            "scene_description": "バックパックを背負った男性が、街中の地下道入口付近で自撮りしており、背景には高架道路や個性的なピンク色の建物の壁が見えます。"
        },
        {
            "start_timecode": "00:01:30:20",
            "end_timecode": "00:01:33:18",
            "transcription": "英語にチャレンジしているっていう状況です。",
            "scene_id": 12,
            "scene_description": "バックパックを背負った男性が、バケットハットをかぶりながら、日本の街中、高架道路やビルが立ち並ぶ歩道で歩いている様子です。"
        },
        {
            "start_timecode": "00:01:36:05",
            "end_timecode": "00:01:38:10",
            "transcription": "最近お腹の調子が悪いんですけどね。",
            "scene_id": 14,
            "scene_description": "都会の街路で、黒いハットをかぶりバックパックを背負った男性が、街路樹や高層ビル、そして道路を走るクールデリバリーの車両を背景に、自撮りしている様子が写っている。"
        },
        {
            "start_timecode": "00:01:39:06",
            "end_timecode": "00:01:42:22",
            "transcription": "昨日ね、ちょっとね、ドラッグストアに行ってね。",
            "scene_id": 15,
            "scene_description": "バックパックを背負い、帽子をかぶった男性が、日本の街路を歩いている様子で、周囲にはビルや木々、歩道などが見え、日中の晴れた穏やかな時間帯であることが伺えます。"
        },
        {
            "start_timecode": "00:01:45:18",
            "end_timecode": "00:01:51:12",
            "transcription": "お腹の調子を整える薬をね、何個か昨日服用したんですよ。",
            "scene_id": 17,
            "scene_description": "API Error: 画像分析APIエラー"
        },
        {
            "start_timecode": "00:01:52:01",
            "end_timecode": "00:01:56:21",
            "transcription": "するとね、今朝ね、ものすごくお腹がね、痛くなってね。",
            "scene_id": 17,
            "scene_description": "API Error: 画像分析APIエラー"
        },
        {
            "start_timecode": "00:01:57:21",
            "end_timecode": "00:01:59:01",
            "transcription": "ちょっとね、寝込んでましたよ。",
            "scene_id": 17,
            "scene_description": "API Error: 画像分析APIエラー"
        },
        {
            "start_timecode": "00:01:59:24",
            "end_timecode": "00:02:02:07",
            "transcription": "でもまあ今、すっきりしてね。",
            "scene_id": 17,
            "scene_description": "API Error: 画像分析APIエラー"
        },
        {
            "start_timecode": "00:02:02:29",
            "end_timecode": "00:02:04:29",
            "transcription": "今日はね、お腹の調子も非常に良くてね。",
            "scene_id": 18,
            "scene_description": "JOYNUSと書かれた建物前に立つ、バックパックを背負った男性が、カメラに向かって笑顔で何かを話している様子が写された一枚の写真です。"
        },
        {
            "start_timecode": "00:02:05:25",
            "end_timecode": "00:02:09:15",
            "transcription": "やっぱあの、汚い話ですけど。",
            "scene_id": 18,
            "scene_description": "JOYNUSと書かれた建物前に立つ、バックパックを背負った男性が、カメラに向かって笑顔で何かを話している様子が写された一枚の写真です。"
        },
        {
            "start_timecode": "00:02:09:27",
            "end_timecode": "00:02:15:02",
            "transcription": "私結構あの、登山に登ると、だいたい山の途中でね。",
            "scene_id": 18,
            "scene_description": "JOYNUSと書かれた建物前に立つ、バックパックを背負った男性が、カメラに向かって笑顔で何かを話している様子が写された一枚の写真です。"
        },
        {
            "start_timecode": "00:02:15:23",
            "end_timecode": "00:02:17:13",
            "transcription": "台の方がしたくなるんです。",
            "scene_id": 19,
            "scene_description": "バックパックを背負った男性が、自転車通行可の標識のある街角で、高層ビルと商店が立ち並ぶ日本の街を歩いている様子が写っている。"
        },
        {
            "start_timecode": "00:02:17:29",
            "end_timecode": "00:02:20:23",
            "transcription": "そこはね、今日はね、一人じゃないんでね。",
            "scene_id": 19,
            "scene_description": "バックパックを背負った男性が、自転車通行可の標識のある街角で、高層ビルと商店が立ち並ぶ日本の街を歩いている様子が写っている。"
        },
        {
            "start_timecode": "00:02:22:10",
            "end_timecode": "00:02:24:01",
            "transcription": "皆さんに迷惑をかけないようにね。",
            "scene_id": 19,
            "scene_description": "バックパックを背負った男性が、自転車通行可の標識のある街角で、高層ビルと商店が立ち並ぶ日本の街を歩いている様子が写っている。"
        },
        {
            "start_timecode": "00:02:24:22",
            "end_timecode": "00:02:26:23",
            "transcription": "万全な体制で挑んでいきたいと思います。",
            "scene_id": 19,
            "scene_description": "バックパックを背負った男性が、自転車通行可の標識のある街角で、高層ビルと商店が立ち並ぶ日本の街を歩いている様子が写っている。"
        },
        {
            "start_timecode": "00:02:27:11",
            "end_timecode": "00:02:29:07",
            "transcription": "ちょっと何のお話ししてるか分からないですけど。",
            "scene_id": 20,
            "scene_description": "高層ビルが建ち並ぶ日本の街中で、帽子をかぶりバックパックを背負った男性が、何かを話している様子が捉えられています。"
        },
        {
            "start_timecode": "00:02:30:05",
            "end_timecode": "00:02:33:26",
            "transcription": "今日、買ってね、横浜の駅まで来ましたしね。",
            "scene_id": 20,
            "scene_description": "高層ビルが建ち並ぶ日本の街中で、帽子をかぶりバックパックを背負った男性が、何かを話している様子が捉えられています。"
        },
        {
            "start_timecode": "00:02:34:05",
            "end_timecode": "00:02:36:01",
            "transcription": "まあ、八王子にね、9時半なんですよね。",
            "scene_id": 20,
            "scene_description": "高層ビルが建ち並ぶ日本の街中で、帽子をかぶりバックパックを背負った男性が、何かを話している様子が捉えられています。"
        },
        {
            "start_timecode": "00:02:36:24",
            "end_timecode": "00:02:39:23",
            "transcription": "ちょっとね、2時間くらい余裕があるんでね。",
            "scene_id": 20,
            "scene_description": "高層ビルが建ち並ぶ日本の街中で、帽子をかぶりバックパックを背負った男性が、何かを話している様子が捉えられています。"
        },
        {
            "start_timecode": "00:02:41:15",
            "end_timecode": "00:02:46:13",
            "transcription": "もしも、交通に迷ったりすると、ちょっと困るのでね。",
            "scene_id": 20,
            "scene_description": "高層ビルが建ち並ぶ日本の街中で、帽子をかぶりバックパックを背負った男性が、何かを話している様子が捉えられています。"
        },
        {
            "start_timecode": "00:02:47:01",
            "end_timecode": "00:02:48:11",
            "transcription": "早めに出ることにしました。",
            "scene_id": 20,
            "scene_description": "高層ビルが建ち並ぶ日本の街中で、帽子をかぶりバックパックを背負った男性が、何かを話している様子が捉えられています。"
        },
        {
            "start_timecode": "00:02:49:12",
            "end_timecode": "00:02:51:27",
            "transcription": "ということで、今日も一日よろしくお願いいたします。",
            "scene_id": 20,
            "scene_description": "高層ビルが建ち並ぶ日本の街中で、帽子をかぶりバックパックを背負った男性が、何かを話している様子が捉えられています。"
        },
        {
            "start_timecode": "00:02:53:03",
            "end_timecode": "00:02:54:23",
            "transcription": "お、お、お、お、お、お、お、お、お、お、お、お、お、お、お、お、お、お、お、お、お、お、お、お、お、お、お、お、お、お、お、お、お、お、お、お、お、お、お、お、お、お、お、お、お、お、お、お、お、お、お、お、お、お、お、お、お、お、お、お、お、お、お、お、お、お、お、お、お、お、お、お、お、お、お、お、お、お、お、お、お、お、お、お、お、お、お、お、お、お、お、お、お、お、お、お、お、お、お、お、お、お、お、お、お、お、お、お、お、お、お",
            "scene_id": 20,
            "scene_description": "高層ビルが建ち並ぶ日本の街中で、帽子をかぶりバックパックを背負った男性が、何かを話している様子が捉えられています。"
        }
    ]
}