{
  "video_path": "G:/100GOPRO1\\GH011260.MP4",
  "summary": {
    "title": "GH011260.MP4",
    "overview": "雨の日の鳥取砂丘で、家族と思われる数人がセルフィー棒を使って砂丘の風景を撮影しています。  砂丘の壮大な景色を背景に、撮影アングルや構図を調整しながら、子供も一緒に記念撮影を楽しんでいる様子が伺えます。  雨天にも関わらず、鳥取砂丘の迫力ある姿を捉えた動画となっています。\n",
    "topics": [],
    "filming_date": "",
    "location": "",
    "weather": "不明",
    "purpose": "",
    "transportation": "不明",
    "starting_point": "",
    "destination": "",
    "scene_count": 50,
    "total_duration": 531.5310000000001,
    "gopro_start_time": "2016-01-01T21:52:50.000000Z"
  },
  "scenes": [
    {
      "scene_id": 0,
      "time_in": 0.0,
      "time_out": 9.02,
      "transcript": "はい、ただいま砂丘海岸前に着きました",
      "description": "映像分析: 砂浜の風景をセルフィー棒で撮影している様子。雨の中、木々の背後に柵があり、数人が傘を差している。",
      "keyframe_path": "video_nodes_GH011260\\keyframes\\keyframe_0000.jpg",
      "preview_path": "video_nodes_GH011260\\previews\\preview_0000.mp4",
      "duration": 9.02
    },
    {
      "scene_id": 1,
      "time_in": 9.02,
      "time_out": 13.76,
      "transcript": "ここが鳥取砂丘の見陸です",
      "description": "映像分析: 砂浜の風景をセルフィー棒で撮影している様子。雨の中、木々の背後に柵があり、数人が傘を差している。",
      "keyframe_path": "video_nodes_GH011260\\keyframes\\keyframe_0000.jpg",
      "preview_path": "video_nodes_GH011260\\previews\\preview_0001.mp4",
      "duration": 4.74
    },
    {
      "scene_id": 2,
      "time_in": 13.76,
      "time_out": 21.6,
      "transcript": "はい、今から砂丘を見に行きます",
      "description": "映像分析: 砂浜の風景をセルフィー棒で撮影している様子。雨の中、木々の背後に柵があり、数人が傘を差している。",
      "keyframe_path": "video_nodes_GH011260\\keyframes\\keyframe_0000.jpg",
      "preview_path": "video_nodes_GH011260\\previews\\preview_0002.mp4",
      "duration": 7.840000000000002
    },
    {
      "scene_id": 3,
      "time_in": 21.6,
      "time_out": 40.37,
      "transcript": "スマホスタンドを持って行こう",
      "description": "映像分析: 砂浜の風景をセルフィー棒で撮影している様子。雨の中、木々の背後に柵があり、数人が傘を差している。",
      "keyframe_path": "video_nodes_GH011260\\keyframes\\keyframe_0000.jpg",
      "preview_path": "video_nodes_GH011260\\previews\\preview_0003.mp4",
      "duration": 18.769999999999996
    },
    {
      "scene_id": 4,
      "time_in": 40.37,
      "time_out": 81.73,
      "transcript": "よいしょ",
      "description": "映像分析: 砂浜の風景をセルフィー棒で撮影している様子。雨の中、木々の背後に柵があり、数人が傘を差している。",
      "keyframe_path": "video_nodes_GH011260\\keyframes\\keyframe_0000.jpg",
      "preview_path": "video_nodes_GH011260\\previews\\preview_0004.mp4",
      "duration": 41.36000000000001
    },
    {
      "scene_id": 5,
      "time_in": 81.73,
      "time_out": 87.51,
      "transcript": "よいしょ そうちゃんのレインコードはそれか?",
      "description": "映像分析: 砂浜の風景をセルフィー棒で撮影している様子。雨の中、木々の背後に柵があり、数人が傘を差している。",
      "keyframe_path": "video_nodes_GH011260\\keyframes\\keyframe_0000.jpg",
      "preview_path": "video_nodes_GH011260\\previews\\preview_0005.mp4",
      "duration": 5.780000000000001
    },
    {
      "scene_id": 6,
      "time_in": 87.51,
      "time_out": 101.51,
      "transcript": "出してあげろ",
      "description": "映像分析: 砂浜の風景をセルフィー棒で撮影している様子。雨の中、木々の背後に柵があり、数人が傘を差している。",
      "keyframe_path": "video_nodes_GH011260\\keyframes\\keyframe_0000.jpg",
      "preview_path": "video_nodes_GH011260\\previews\\preview_0006.mp4",
      "duration": 14.0
    },
    {
      "scene_id": 7,
      "time_in": 101.51,
      "time_out": 104.66,
      "transcript": "ん?",
      "description": "映像分析: 砂浜の風景をセルフィー棒で撮影している様子。雨の中、木々の背後に柵があり、数人が傘を差している。",
      "keyframe_path": "video_nodes_GH011260\\keyframes\\keyframe_0000.jpg",
      "preview_path": "video_nodes_GH011260\\previews\\preview_0007.mp4",
      "duration": 3.1499999999999915
    },
    {
      "scene_id": 8,
      "time_in": 104.66,
      "time_out": 119.19,
      "transcript": "あー",
      "description": "映像分析: 砂浜の風景をセルフィー棒で撮影している様子。雨の中、木々の背後に柵があり、数人が傘を差している。",
      "keyframe_path": "video_nodes_GH011260\\keyframes\\keyframe_0000.jpg",
      "preview_path": "video_nodes_GH011260\\previews\\preview_0008.mp4",
      "duration": 14.530000000000001
    },
    {
      "scene_id": 9,
      "time_in": 119.19,
      "time_out": 126.97,
      "transcript": "さあ、相馬くんが砂丘を見た時のリアクションをとっておこう",
      "description": "映像分析: 砂浜の風景をセルフィー棒で撮影している様子。雨の中、木々の背後に柵があり、数人が傘を差している。",
      "keyframe_path": "video_nodes_GH011260\\keyframes\\keyframe_0000.jpg",
      "preview_path": "video_nodes_GH011260\\previews\\preview_0009.mp4",
      "duration": 7.780000000000001
    },
    {
      "scene_id": 10,
      "time_in": 126.97,
      "time_out": 149.94,
      "transcript": "あるある来たんや",
      "description": "映像分析: 砂浜の風景をセルフィー棒で撮影している様子。雨の中、木々の背後に柵があり、数人が傘を差している。",
      "keyframe_path": "video_nodes_GH011260\\keyframes\\keyframe_0000.jpg",
      "preview_path": "video_nodes_GH011260\\previews\\preview_0010.mp4",
      "duration": 22.97
    },
    {
      "scene_id": 11,
      "time_in": 149.94,
      "time_out": 163.42,
      "transcript": "え?",
      "description": "映像分析: 砂浜の風景をセルフィー棒で撮影している様子。雨の中、木々の背後に柵があり、数人が傘を差している。",
      "keyframe_path": "video_nodes_GH011260\\keyframes\\keyframe_0000.jpg",
      "preview_path": "video_nodes_GH011260\\previews\\preview_0011.mp4",
      "duration": 13.47999999999999
    },
    {
      "scene_id": 12,
      "time_in": 163.42,
      "time_out": 168.17,
      "transcript": "砂丘のあれでしょ",
      "description": "映像分析: 砂浜の風景をセルフィー棒で撮影している様子。雨の中、木々の背後に柵があり、数人が傘を差している。",
      "keyframe_path": "video_nodes_GH011260\\keyframes\\keyframe_0000.jpg",
      "preview_path": "video_nodes_GH011260\\previews\\preview_0012.mp4",
      "duration": 4.75
    },
    {
      "scene_id": 13,
      "time_in": 168.17,
      "time_out": 178.38,
      "transcript": "これ砂丘の土やろ? ビールがあればある",
      "description": "映像分析: 砂浜の風景をセルフィー棒で撮影している様子。雨の中、木々の背後に柵があり、数人が傘を差している。",
      "keyframe_path": "video_nodes_GH011260\\keyframes\\keyframe_0000.jpg",
      "preview_path": "video_nodes_GH011260\\previews\\preview_0013.mp4",
      "duration": 10.210000000000008
    },
    {
      "scene_id": 14,
      "time_in": 178.38,
      "time_out": 186.83,
      "transcript": "さらこな",
      "description": "映像分析: 砂浜の風景をセルフィー棒で撮影している様子。雨の中、木々の背後に柵があり、数人が傘を差している。",
      "keyframe_path": "video_nodes_GH011260\\keyframes\\keyframe_0000.jpg",
      "preview_path": "video_nodes_GH011260\\previews\\preview_0014.mp4",
      "duration": 8.450000000000017
    },
    {
      "scene_id": 15,
      "time_in": 186.83,
      "time_out": 199.15,
      "transcript": "さあ相馬くん 今パパととこは砂漠がもうちょっとしたら見えますよ",
      "description": "映像分析: 砂浜の風景をセルフィー棒で撮影している様子。雨の中、木々の背後に柵があり、数人が傘を差している。",
      "keyframe_path": "video_nodes_GH011260\\keyframes\\keyframe_0000.jpg",
      "preview_path": "video_nodes_GH011260\\previews\\preview_0015.mp4",
      "duration": 12.319999999999993
    },
    {
      "scene_id": 16,
      "time_in": 199.15,
      "time_out": 204.98,
      "transcript": "さあここが鳥取砂丘ですわ",
      "description": "映像分析: 砂浜の風景をセルフィー棒で撮影している様子。雨の中、木々の背後に柵があり、数人が傘を差している。",
      "keyframe_path": "video_nodes_GH011260\\keyframes\\keyframe_0000.jpg",
      "preview_path": "video_nodes_GH011260\\previews\\preview_0016.mp4",
      "duration": 5.829999999999984
    },
    {
      "scene_id": 17,
      "time_in": 204.98,
      "time_out": 208.78,
      "transcript": "今日は雨ですけれども見えますかね?",
      "description": "映像分析: 砂浜の風景をセルフィー棒で撮影している様子。雨の中、木々の背後に柵があり、数人が傘を差している。",
      "keyframe_path": "video_nodes_GH011260\\keyframes\\keyframe_0000.jpg",
      "preview_path": "video_nodes_GH011260\\previews\\preview_0017.mp4",
      "duration": 3.8000000000000114
    },
    {
      "scene_id": 18,
      "time_in": 208.78,
      "time_out": 215.54,
      "transcript": "おー砂に落書きNGなんでな",
      "description": "映像分析: 砂浜の風景をセルフィー棒で撮影している様子。雨の中、木々の背後に柵があり、数人が傘を差している。",
      "keyframe_path": "video_nodes_GH011260\\keyframes\\keyframe_0000.jpg",
      "preview_path": "video_nodes_GH011260\\previews\\preview_0018.mp4",
      "duration": 6.759999999999991
    },
    {
      "scene_id": 19,
      "time_in": 215.54,
      "time_out": 234.02,
      "transcript": "砂丘に落書きNGなんや",
      "description": "映像分析: 砂浜の風景をセルフィー棒で撮影している様子。雨の中、木々の背後に柵があり、数人が傘を差している。",
      "keyframe_path": "video_nodes_GH011260\\keyframes\\keyframe_0000.jpg",
      "preview_path": "video_nodes_GH011260\\previews\\preview_0019.mp4",
      "duration": 18.480000000000018
    },
    {
      "scene_id": 20,
      "time_in": 234.02,
      "time_out": 239.71,
      "transcript": "すごい ちょっと濡れたな",
      "description": "映像分析: 砂浜の風景をセルフィー棒で撮影している様子。雨の中、木々の背後に柵があり、数人が傘を差している。",
      "keyframe_path": "video_nodes_GH011260\\keyframes\\keyframe_0000.jpg",
      "preview_path": "video_nodes_GH011260\\previews\\preview_0020.mp4",
      "duration": 5.689999999999998
    },
    {
      "scene_id": 21,
      "time_in": 239.71,
      "time_out": 244.69,
      "transcript": "ちょっと濡れてまんな",
      "description": "映像分析: 砂浜の風景をセルフィー棒で撮影している様子。雨の中、木々の背後に柵があり、数人が傘を差している。",
      "keyframe_path": "video_nodes_GH011260\\keyframes\\keyframe_0000.jpg",
      "preview_path": "video_nodes_GH011260\\previews\\preview_0021.mp4",
      "duration": 4.97999999999999
    },
    {
      "scene_id": 22,
      "time_in": 244.69,
      "time_out": 252.26,
      "transcript": "お目の前に",
      "description": "映像分析: 砂浜の風景をセルフィー棒で撮影している様子。雨の中、木々の背後に柵があり、数人が傘を差している。",
      "keyframe_path": "video_nodes_GH011260\\keyframes\\keyframe_0000.jpg",
      "preview_path": "video_nodes_GH011260\\previews\\preview_0022.mp4",
      "duration": 7.569999999999993
    },
    {
      "scene_id": 23,
      "time_in": 252.26,
      "time_out": 259.8,
      "transcript": "目の前に",
      "description": "映像分析: 砂浜の風景をセルフィー棒で撮影している様子。雨の中、木々の背後に柵があり、数人が傘を差している。",
      "keyframe_path": "video_nodes_GH011260\\keyframes\\keyframe_0000.jpg",
      "preview_path": "video_nodes_GH011260\\previews\\preview_0023.mp4",
      "duration": 7.5400000000000205
    },
    {
      "scene_id": 24,
      "time_in": 259.8,
      "time_out": 262.92,
      "transcript": "すごい目の前に見えます",
      "description": "映像分析: 砂浜の風景をセルフィー棒で撮影している様子。雨の中、木々の背後に柵があり、数人が傘を差している。",
      "keyframe_path": "video_nodes_GH011260\\keyframes\\keyframe_0000.jpg",
      "preview_path": "video_nodes_GH011260\\previews\\preview_0024.mp4",
      "duration": 3.1200000000000045
    },
    {
      "scene_id": 25,
      "time_in": 262.92,
      "time_out": 270.61,
      "transcript": "すごいですな",
      "description": "映像分析: 砂浜の風景をセルフィー棒で撮影している様子。雨の中、木々の背後に柵があり、数人が傘を差している。",
      "keyframe_path": "video_nodes_GH011260\\keyframes\\keyframe_0000.jpg",
      "preview_path": "video_nodes_GH011260\\previews\\preview_0025.mp4",
      "duration": 7.689999999999998
    },
    {
      "scene_id": 26,
      "time_in": 270.61,
      "time_out": 273.68,
      "transcript": "見える見える",
      "description": "映像分析: 砂浜の風景をセルフィー棒で撮影している様子。雨の中、木々の背後に柵があり、数人が傘を差している。",
      "keyframe_path": "video_nodes_GH011260\\keyframes\\keyframe_0000.jpg",
      "preview_path": "video_nodes_GH011260\\previews\\preview_0026.mp4",
      "duration": 3.069999999999993
    },
    {
      "scene_id": 27,
      "time_in": 273.68,
      "time_out": 282.58,
      "transcript": "あれ登るんやな なんかこのサラサラの",
      "description": "映像分析: 砂浜の風景をセルフィー棒で撮影している様子。雨の中、木々の背後に柵があり、数人が傘を差している。",
      "keyframe_path": "video_nodes_GH011260\\keyframes\\keyframe_0000.jpg",
      "preview_path": "video_nodes_GH011260\\previews\\preview_0027.mp4",
      "duration": 8.899999999999977
    },
    {
      "scene_id": 28,
      "time_in": 282.58,
      "time_out": 288.16,
      "transcript": "砂が ちょっと湿ってるけど",
      "description": "映像分析: 砂浜の風景をセルフィー棒で撮影している様子。雨の中、木々の背後に柵があり、数人が傘を差している。",
      "keyframe_path": "video_nodes_GH011260\\keyframes\\keyframe_0000.jpg",
      "preview_path": "video_nodes_GH011260\\previews\\preview_0028.mp4",
      "duration": 5.580000000000041
    },
    {
      "scene_id": 29,
      "time_in": 288.16,
      "time_out": 301.43,
      "transcript": "",
      "description": "映像分析: 砂浜の風景をセルフィー棒で撮影している様子。雨の中、木々の背後に柵があり、数人が傘を差している。",
      "keyframe_path": "video_nodes_GH011260\\keyframes\\keyframe_0000.jpg",
      "preview_path": "video_nodes_GH011260\\previews\\preview_0029.mp4",
      "duration": 13.269999999999982
    },
    {
      "scene_id": 30,
      "time_in": 301.43,
      "time_out": 309.31,
      "transcript": "ちょっとさあここで 立てたるから",
      "description": "映像分析: 砂浜の風景をセルフィー棒で撮影している様子。雨の中、木々の背後に柵があり、数人が傘を差している。",
      "keyframe_path": "video_nodes_GH011260\\keyframes\\keyframe_0000.jpg",
      "preview_path": "video_nodes_GH011260\\previews\\preview_0030.mp4",
      "duration": 7.8799999999999955
    },
    {
      "scene_id": 31,
      "time_in": 309.31,
      "time_out": 313.61,
      "transcript": "台は使えんけど まあまあそこ立ちぬ",
      "description": "映像分析: 砂浜の風景をセルフィー棒で撮影している様子。雨の中、木々の背後に柵があり、数人が傘を差している。",
      "keyframe_path": "video_nodes_GH011260\\keyframes\\keyframe_0000.jpg",
      "preview_path": "video_nodes_GH011260\\previews\\preview_0031.mp4",
      "duration": 4.300000000000011
    },
    {
      "scene_id": 32,
      "time_in": 313.61,
      "time_out": 320.66,
      "transcript": "10秒で撮るわ あもうちょっとこっち来いか",
      "description": "映像分析: 砂浜の風景をセルフィー棒で撮影している様子。雨の中、木々の背後に柵があり、数人が傘を差している。",
      "keyframe_path": "video_nodes_GH011260\\keyframes\\keyframe_0000.jpg",
      "preview_path": "video_nodes_GH011260\\previews\\preview_0032.mp4",
      "duration": 7.050000000000011
    },
    {
      "scene_id": 33,
      "time_in": 320.66,
      "time_out": 333.35,
      "transcript": "台が邪魔や あこれいいね",
      "description": "映像分析: 砂浜の風景をセルフィー棒で撮影している様子。雨の中、木々の背後に柵があり、数人が傘を差している。",
      "keyframe_path": "video_nodes_GH011260\\keyframes\\keyframe_0000.jpg",
      "preview_path": "video_nodes_GH011260\\previews\\preview_0033.mp4",
      "duration": 12.689999999999998
    },
    {
      "scene_id": 34,
      "time_in": 333.35,
      "time_out": 346.57,
      "transcript": "もうちょっと下がって すごいすごい",
      "description": "映像分析: 砂浜の風景をセルフィー棒で撮影している様子。雨の中、木々の背後に柵があり、数人が傘を差している。",
      "keyframe_path": "video_nodes_GH011260\\keyframes\\keyframe_0000.jpg",
      "preview_path": "video_nodes_GH011260\\previews\\preview_0034.mp4",
      "duration": 13.21999999999997
    },
    {
      "scene_id": 35,
      "time_in": 346.57,
      "time_out": 351.84,
      "transcript": "おぉよーし これで撮ろうか",
      "description": "映像分析: 砂浜の風景をセルフィー棒で撮影している様子。雨の中、木々の背後に柵があり、数人が傘を差している。",
      "keyframe_path": "video_nodes_GH011260\\keyframes\\keyframe_0000.jpg",
      "preview_path": "video_nodes_GH011260\\previews\\preview_0035.mp4",
      "duration": 5.269999999999982
    },
    {
      "scene_id": 36,
      "time_in": 351.84,
      "time_out": 374.71,
      "transcript": "10秒でいきます 10 9",
      "description": "映像分析: 砂浜の風景をセルフィー棒で撮影している様子。雨の中、木々の背後に柵があり、数人が傘を差している。",
      "keyframe_path": "video_nodes_GH011260\\keyframes\\keyframe_0000.jpg",
      "preview_path": "video_nodes_GH011260\\previews\\preview_0036.mp4",
      "duration": 22.870000000000005
    },
    {
      "scene_id": 37,
      "time_in": 374.71,
      "time_out": 384.69,
      "transcript": "5 4 3 2",
      "description": "映像分析: 砂浜の風景をセルフィー棒で撮影している様子。雨の中、木々の背後に柵があり、数人が傘を差している。",
      "keyframe_path": "video_nodes_GH011260\\keyframes\\keyframe_0000.jpg",
      "preview_path": "video_nodes_GH011260\\previews\\preview_0037.mp4",
      "duration": 9.980000000000018
    },
    {
      "scene_id": 38,
      "time_in": 384.69,
      "time_out": 411.6,
      "transcript": "かけめぐるだ ちょっともうちょっとアップで",
      "description": "映像分析: 砂浜の風景をセルフィー棒で撮影している様子。雨の中、木々の背後に柵があり、数人が傘を差している。",
      "keyframe_path": "video_nodes_GH011260\\keyframes\\keyframe_0000.jpg",
      "preview_path": "video_nodes_GH011260\\previews\\preview_0038.mp4",
      "duration": 26.910000000000025
    },
    {
      "scene_id": 39,
      "time_in": 411.6,
      "time_out": 417.34,
      "transcript": "はいいきまーす 傘を",
      "description": "映像分析: 砂浜の風景をセルフィー棒で撮影している様子。雨の中、木々の背後に柵があり、数人が傘を差している。",
      "keyframe_path": "video_nodes_GH011260\\keyframes\\keyframe_0000.jpg",
      "preview_path": "video_nodes_GH011260\\previews\\preview_0039.mp4",
      "duration": 5.739999999999952
    },
    {
      "scene_id": 40,
      "time_in": 417.34,
      "time_out": 426.57,
      "transcript": "ちょっと後ろ あーいいね",
      "description": "映像分析: 砂浜の風景をセルフィー棒で撮影している様子。雨の中、木々の背後に柵があり、数人が傘を差している。",
      "keyframe_path": "video_nodes_GH011260\\keyframes\\keyframe_0000.jpg",
      "preview_path": "video_nodes_GH011260\\previews\\preview_0040.mp4",
      "duration": 9.230000000000018
    },
    {
      "scene_id": 41,
      "time_in": 426.57,
      "time_out": 433.99,
      "transcript": "ゆう こっちにこうあっち右に指さして",
      "description": "映像分析: 砂浜の風景をセルフィー棒で撮影している様子。雨の中、木々の背後に柵があり、数人が傘を差している。",
      "keyframe_path": "video_nodes_GH011260\\keyframes\\keyframe_0000.jpg",
      "preview_path": "video_nodes_GH011260\\previews\\preview_0041.mp4",
      "duration": 7.420000000000016
    },
    {
      "scene_id": 42,
      "time_in": 433.99,
      "time_out": 437.69,
      "transcript": "さばく右右 そうじゃ後ろ向いてあかんや",
      "description": "映像分析: 砂浜の風景をセルフィー棒で撮影している様子。雨の中、木々の背後に柵があり、数人が傘を差している。",
      "keyframe_path": "video_nodes_GH011260\\keyframes\\keyframe_0000.jpg",
      "preview_path": "video_nodes_GH011260\\previews\\preview_0042.mp4",
      "duration": 3.6999999999999886
    },
    {
      "scene_id": 43,
      "time_in": 437.69,
      "time_out": 442.81,
      "transcript": "前向いて 前向いて",
      "description": "映像分析: 砂浜の風景をセルフィー棒で撮影している様子。雨の中、木々の背後に柵があり、数人が傘を差している。",
      "keyframe_path": "video_nodes_GH011260\\keyframes\\keyframe_0000.jpg",
      "preview_path": "video_nodes_GH011260\\previews\\preview_0043.mp4",
      "duration": 5.1200000000000045
    },
    {
      "scene_id": 44,
      "time_in": 442.81,
      "time_out": 448.72,
      "transcript": "右指さして あっちに指さして顔はカメラや",
      "description": "映像分析: 砂浜の風景をセルフィー棒で撮影している様子。雨の中、木々の背後に柵があり、数人が傘を差している。",
      "keyframe_path": "video_nodes_GH011260\\keyframes\\keyframe_0000.jpg",
      "preview_path": "video_nodes_GH011260\\previews\\preview_0044.mp4",
      "duration": 5.910000000000025
    },
    {
      "scene_id": 45,
      "time_in": 448.72,
      "time_out": 462.02,
      "transcript": "カメラは顔で",
      "description": "映像分析: 砂浜の風景をセルフィー棒で撮影している様子。雨の中、木々の背後に柵があり、数人が傘を差している。",
      "keyframe_path": "video_nodes_GH011260\\keyframes\\keyframe_0000.jpg",
      "preview_path": "video_nodes_GH011260\\previews\\preview_0045.mp4",
      "duration": 13.299999999999955
    },
    {
      "scene_id": 46,
      "time_in": 462.02,
      "time_out": 465.09,
      "transcript": "録画してあげるわ もっと行って",
      "description": "映像分析: 砂浜の風景をセルフィー棒で撮影している様子。雨の中、木々の背後に柵があり、数人が傘を差している。",
      "keyframe_path": "video_nodes_GH011260\\keyframes\\keyframe_0000.jpg",
      "preview_path": "video_nodes_GH011260\\previews\\preview_0046.mp4",
      "duration": 3.069999999999993
    },
    {
      "scene_id": 47,
      "time_in": 465.09,
      "time_out": 472.99,
      "transcript": "パパ見切れてるわ もうちょっと近くに行って",
      "description": "映像分析: 砂浜の風景をセルフィー棒で撮影している様子。雨の中、木々の背後に柵があり、数人が傘を差している。",
      "keyframe_path": "video_nodes_GH011260\\keyframes\\keyframe_0000.jpg",
      "preview_path": "video_nodes_GH011260\\previews\\preview_0047.mp4",
      "duration": 7.900000000000034
    },
    {
      "scene_id": 48,
      "time_in": 472.99,
      "time_out": 498.84,
      "transcript": "ちょっと行ってきて ちょっと待った パパが腰いっぱいだもう一回",
      "description": "映像分析: 砂浜の風景をセルフィー棒で撮影している様子。雨の中、木々の背後に柵があり、数人が傘を差している。",
      "keyframe_path": "video_nodes_GH011260\\keyframes\\keyframe_0000.jpg",
      "preview_path": "video_nodes_GH011260\\previews\\preview_0048.mp4",
      "duration": 25.849999999999966
    },
    {
      "scene_id": 49,
      "time_in": 498.84,
      "time_out": 531.5310000000001,
      "transcript": "まあいいわもう一回向こうでも撮ろう",
      "description": "映像分析: 砂浜の風景をセルフィー棒で撮影している様子。雨の中、木々の背後に柵があり、数人が傘を差している。",
      "keyframe_path": "video_nodes_GH011260\\keyframes\\keyframe_0000.jpg",
      "preview_path": "video_nodes_GH011260\\previews\\preview_0049.mp4",
      "duration": 32.69100000000009
    }
  ],
  "completed": true,
  "last_update": "2025-04-09T06:27:42.082816"
}