{
    "source_filepath": "E:\\100GOPRO\\GH012846.MP4",
    "file_index": 1,
    "extracted_audio_filepath": "E:\\100GOPRO\\GH012846.wav",
    "metadata": {
        "duration_seconds": 38.421333,
        "creation_time_utc": "2016-01-01T00:13:40.000000Z",
        "timecode_offset": "00:13:40:03"
    },
    "transcription_whisper_result": {
        "text": "",
        "segments": [],
        "language": "ja"
    },
    "detected_scenes": [
        {
            "scene_id": 1,
            "start_timecode": "00:00:00:00",
            "end_timecode": "00:00:02:00",
            "description": "歩道橋から下を見下ろした一人称視点で、黄色いタクシーが交差点を走行する様子と、周囲の高層ビル群が写っており、都会の風景が捉えられています。",
            "thumbnail_path": "E:\\100GOPRO\\GH012846_captures\\scene_0001.jpg"
        },
        {
            "scene_id": 2,
            "start_timecode": "00:00:02:00",
            "end_timecode": "00:00:10:00",
            "description": "バケットハットをかぶった男性が、日本の都市部、高架道路やビルが立ち並ぶ複雑な交差点を見下ろす歩道橋の上を歩いている様子。",
            "thumbnail_path": "E:\\100GOPRO\\GH012846_captures\\scene_0002.jpg"
        },
        {
            "scene_id": 3,
            "start_timecode": "00:00:10:00",
            "end_timecode": "00:00:26:00",
            "description": "バケットハットをかぶり、バックパックを背負った男性が、日本の街の歩道橋の上から、周辺の建物や道路を背景に自撮りしている様子。",
            "thumbnail_path": "E:\\100GOPRO\\GH012846_captures\\scene_0003.jpg"
        },
        {
            "scene_id": 4,
            "start_timecode": "00:00:26:00",
            "end_timecode": "00:00:26:15",
            "description": "帽子をかぶりリュックを背負った男性が、街中の歩道橋から下界を見下ろすように上を見上げており、周囲には高層ビルや道路など日本の都市風景が広がっている。",
            "thumbnail_path": "E:\\100GOPRO\\GH012846_captures\\scene_0004.jpg"
        },
        {
            "scene_id": 5,
            "start_timecode": "00:00:26:15",
            "end_timecode": "00:00:31:00",
            "description": "緑色の床の通路を、黒いジャケットとバックパックを背負った人がハイキングブーツを履いて歩いています。",
            "thumbnail_path": "E:\\100GOPRO\\GH012846_captures\\scene_0005.jpg"
        },
        {
            "scene_id": 6,
            "start_timecode": "00:00:31:00",
            "end_timecode": "00:00:35:16",
            "description": "黒いジャケットと登山靴を履いた人物が、緑色の床の通路を、視点が下から上に向けられたアングルで歩いている様子が写っている。",
            "thumbnail_path": "E:\\100GOPRO\\GH012846_captures\\scene_0006.jpg"
        },
        {
            "scene_id": 7,
            "start_timecode": "00:00:35:16",
            "end_timecode": "00:00:37:01",
            "description": "歩道橋の上を、登山靴を履いた人物が、リュックサックを背負いながら歩いています。周囲は緑がかった色の路面で、手すりのある橋の構造物が写っています。",
            "thumbnail_path": "E:\\100GOPRO\\GH012846_captures\\scene_0007.jpg"
        },
        {
            "scene_id": 8,
            "start_timecode": "00:00:37:01",
            "end_timecode": "00:00:38:12",
            "description": "緑色の床の上を、黒いズボンを履いた人物がハイキングブーツを履いて歩いており、周囲は茶色の金属製の柵のある高架構造物であることが、一人称視点の低い位置からの映像で捉えられています。",
            "thumbnail_path": "E:\\100GOPRO\\GH012846_captures\\scene_0008.jpg"
        }
    ],
    "final_segments": [
        {
            "start_timecode": "00:00:01:15",
            "end_timecode": "00:00:06:18",
            "transcription": "おはようございます。今日は4月19日。土曜日ですね。",
            "scene_id": 2,
            "scene_description": "バケットハットをかぶった男性が、日本の都市部、高架道路やビルが立ち並ぶ複雑な交差点を見下ろす歩道橋の上を歩いている様子。"
        },
        {
            "start_timecode": "00:00:07:12",
            "end_timecode": "00:00:15:18",
            "transcription": "今日はお天気なんでね、ちょっとね、MeetsUpのイベントに参加することにしましたよ。",
            "scene_id": 3,
            "scene_description": "バケットハットをかぶり、バックパックを背負った男性が、日本の街の歩道橋の上から、周辺の建物や道路を背景に自撮りしている様子。"
        },
        {
            "start_timecode": "00:00:16:17",
            "end_timecode": "00:00:19:02",
            "transcription": "場所はね、高尾さん、神馬さん。",
            "scene_id": 3,
            "scene_description": "バケットハットをかぶり、バックパックを背負った男性が、日本の街の歩道橋の上から、周辺の建物や道路を背景に自撮りしている様子。"
        },
        {
            "start_timecode": "00:00:20:15",
            "end_timecode": "00:00:26:15",
            "transcription": "今日はね、天気もいいのでね、楽しく過ごせるんじゃないかなと。",
            "scene_id": 3,
            "scene_description": "バケットハットをかぶり、バックパックを背負った男性が、日本の街の歩道橋の上から、周辺の建物や道路を背景に自撮りしている様子。"
        }
    ]
}