{
    "source_filepath": "E:\\100GOPRO\\GH012849.MP4",
    "file_index": 3,
    "extracted_audio_filepath": "E:\\100GOPRO\\GH012849.wav",
    "metadata": {
        "duration_seconds": 12.544,
        "creation_time_utc": "2016-01-01T01:33:59.000000Z",
        "timecode_offset": "01:33:54:19"
    },
    "transcription_whisper_result": {
        "text": "",
        "segments": [],
        "language": "ja"
    },
    "detected_scenes": [
        {
            "scene_id": 1,
            "start_timecode": "00:00:00:00",
            "end_timecode": "00:00:02:15",
            "description": "視覚障害者誘導用の黄色い点字ブロックのある駅構内と思われる場所で、一人称視点から地面と自分の足元を写した写真です。  視覚的な情報から、駅や公共施設におけるバリアフリー設計の一端が見て取れます。",
            "thumbnail_path": "E:\\100GOPRO\\GH012849_captures\\scene_0001.jpg"
        },
        {
            "scene_id": 2,
            "start_timecode": "00:00:02:15",
            "end_timecode": "00:00:12:15",
            "description": "マスクを着用した男性が、駅ホームでリュックサックを背負い、電車を待つ様子を捉えた一枚で、時刻は午後7時5分頃、周囲には駅員や他の乗客も写っている。",
            "thumbnail_path": "E:\\100GOPRO\\GH012849_captures\\scene_0002.jpg"
        }
    ],
    "final_segments": [
        {
            "start_timecode": "00:00:09:27",
            "end_timecode": "00:00:11:09",
            "transcription": "私は仕事に来ましたね。",
            "scene_id": 2,
            "scene_description": "マスクを着用した男性が、駅ホームでリュックサックを背負い、電車を待つ様子を捉えた一枚で、時刻は午後7時5分頃、周囲には駅員や他の乗客も写っている。"
        }
    ]
}